{
  "$id": "http://example.com/myURI.schema.json",
  "$schema": "http://json-schema.org/draft-07/schema#",
  "additionalProperties": false,
  "description": "Sample schema to help you get started.",
  "properties": {
    "case_id": {
      "description": "The type(v) type is used.",
      "type": "number"
    },
    "city": {
      "description": "The type(v) type is used.",
      "type": "string"
    },
    "confirmed": {
      "description": "The type(v) type is used.",
      "type": "number"
    },
    "group": {
      "description": "The type(v) type is used.",
      "type": "boolean"
    },
    "infection_case": {
      "description": "The type(v) type is used.",
      "type": "string"
    },
    "latitude": {
      "description": "The type(v) type is used.",
      "type": "string"
    },
    "longitude": {
      "description": "The type(v) type is used.",
      "type": "string"
    },
    "province": {
      "description": "The type(v) type is used.",
      "type": "string"
    }
  },
  "title": "SampleRecord",
  "type": "object"
}