{
  "$id": "http://example.com/myURI.schema.json",
  "$schema": "http://json-schema.org/draft-07/schema#",
  "additionalProperties": false,
  "description": "Sample schema to help you get started.",
  "properties": {
    "country": {
      "description": "The type(v) type is used.",
      "type": "string"
    },
    "detail": {
      "description": "The type(v) type is used.",
      "type": "string"
    },
    "end_date": {
      "description": "The type(v) type is used.",
      "type": "string"
    },
    "gov_policy": {
      "description": "The type(v) type is used.",
      "type": "string"
    },
    "policy_id": {
      "description": "The type(v) type is used.",
      "type": "number"
    },
    "start_date": {
      "description": "The type(v) type is used.",
      "type": "string"
    },
    "type": {
      "description": "The type(v) type is used.",
      "type": "string"
    }
  },
  "title": "SampleRecord",
  "type": "object"
}